condition,project,subject_id,session_id,run_id,functional_path,anatomical_path,data_root,
VisualTest,MethodsPaper,sub-methods02,ses-231215,run-115047,/data06/fUSIMethodsPaper/Data_analysis/sub-methods02/ses-231215/run-115047/,/data06/fUSIMethodsPaper/Data_analysis/sub-methods02/ses-231215/run-113409/,data06,copied
VisualTest,MethodsPaper,sub-methods02,ses-231218,run-152539,/data06/fUSIMethodsPaper/Data_analysis/sub-methods02/ses-231218/run-152539/,/data06/fUSIMethodsPaper/Data_analysis/sub-methods02/ses-231218/run-144557/,data06,copied
VisualTest,MethodsPaper,sub-methods03,ses-240104,run-125448,/data06/fUSIMethodsPaper/Data_analysis/sub-methods03/ses-240104/run-125448/,/data06/fUSIMethodsPaper/Data_analysis/sub-methods03/ses-240104/run-123823/,data06,copied
VisualTest,MethodsPaper,sub-methods03,ses-240105,run-103457,/data06/fUSIMethodsPaper/Data_analysis/sub-methods03/ses-240105/run-103457/,/data06/fUSIMethodsPaper/Data_analysis/sub-methods03/ses-240105/run-102041/,data06,copied
VisualTest,MethodsPaper,sub-methods04,ses-240104,run-142825,/data06/fUSIMethodsPaper/Data_analysis/sub-methods04/ses-240104/run-142825/,/data06/fUSIMethodsPaper/Data_analysis/sub-methods04/ses-240104/run-140723/,data06,
VisualTest,MethodsPaper,sub-methods04,ses-240105,run-114946,/data06/fUSIMethodsPaper/Data_analysis/sub-methods04/ses-240105/run-114946/,/data06/fUSIMethodsPaper/Data_analysis/sub-methods04/ses-240105/run-113659/,data06,
VisualTest,MethodsPaper,sub-methods05,ses-240123,run-145033,/data06/fUSIMethodsPaper/Data_analysis/sub-methods05/ses-240123/run-145033/,/data06/fUSIMethodsPaper/Data_analysis/sub-methods05/ses-240123/run-143248/,data06,
VisualTest,MethodsPaper,sub-methods05,ses-240124,run-114404,/data06/fUSIMethodsPaper/Data_analysis/sub-methods05/ses-240124/run-114404/,/data06/fUSIMethodsPaper/Data_analysis/sub-methods05/ses-240124/run-112840/,data06,
VisualTest,MethodsPaper,sub-methods01,ses-231222,run-125114,/data06/fUSIMethodsPaper/Data_analysis/sub-methods01/ses-231222/run-125114/,/data06/fUSIMethodsPaper/Data_analysis/sub-methods01/ses-231222/run-120552/,data06,
VisualTest,MethodsPaper,sub-methods02,ses-231222,run-105516,/data06/fUSIMethodsPaper/Data_analysis/sub-methods02/ses-231222/run-105516/,/data06/fUSIMethodsPaper/Data_analysis/sub-methods02/ses-231222/run-102916/,data06,
VisualTest,MethodsPaper,sub-methods01,ses-231221,run-164739,/data06/fUSIMethodsPaper/Data_analysis/sub-methods01/ses-231221/run-164739/,/data06/fUSIMethodsPaper/Data_analysis/sub-methods01/ses-231221/run-163714/,data06,
VisualTest,MethodsPaper,sub-methods03,ses-240112,run-124507,/data06/fUSIMethodsPaper/Data_analysis/sub-methods03/ses-240112/run-124507/,/data06/fUSIMethodsPaper/Data_analysis/sub-methods03/ses-240112/run-123417/,data06,
VisualTest,MethodsPaper,sub-methods04,ses-240112,run-142450,/data06/fUSIMethodsPaper/Data_analysis/sub-methods04/ses-240112/run-142450/,/data06/fUSIMethodsPaper/Data_analysis/sub-methods04/ses-240112/run-141441/,data06,
VisualTest,MethodsPaper,sub-methods05,ses-240130,run-114737,/data06/fUSIMethodsPaper/Data_analysis/sub-methods05/ses-240130/run-114737/,/data06/fUSIMethodsPaper/Data_analysis/sub-methods05/ses-240130/run-112415/,data06,
VisualTest,MethodsPaper,sub-methods01,ses-231220,run-153002,/data06/fUSIMethodsPaper/Data_analysis/sub-methods01/ses-231220/run-153002/,/data06/fUSIMethodsPaper/Data_analysis/sub-methods01/ses-231220/run-150626/,data06,
VisualTest,MethodsPaper,sub-methods02,ses-231220,run-142742,/data06/fUSIMethodsPaper/Data_analysis/sub-methods02/ses-231220/run-142742/,/data06/fUSIMethodsPaper/Data_analysis/sub-methods02/ses-231220/run-134717/,data06,
VisualTest,MethodsPaper,sub-methods02,ses-231221,run-152916,/data06/fUSIMethodsPaper/Data_analysis/sub-methods02/ses-231221/run-152916/,/data06/fUSIMethodsPaper/Data_analysis/sub-methods02/ses-231221/run-150820/,data06,
VisualTest,MethodsPaper,sub-methods03,ses-240108,run-142230,/data06/fUSIMethodsPaper/Data_analysis/sub-methods03/ses-240108/run-142230/,/data06/fUSIMethodsPaper/Data_analysis/sub-methods03/ses-240108/run-140635/,data06,
VisualTest,MethodsPaper,sub-methods03,ses-240108,run-144522,/data06/fUSIMethodsPaper/Data_analysis/sub-methods03/ses-240108/run-144522/,/data06/fUSIMethodsPaper/Data_analysis/sub-methods03/ses-240108/run-140635/,data06,
VisualTest,MethodsPaper,sub-methods03,ses-240108,run-150701,/data06/fUSIMethodsPaper/Data_analysis/sub-methods03/ses-240108/run-150701/,/data06/fUSIMethodsPaper/Data_analysis/sub-methods03/ses-240108/run-140635/,data06,
VisualTest,MethodsPaper,sub-methods03,ses-240110,run-104841,/data06/fUSIMethodsPaper/Data_analysis/sub-methods03/ses-240110/run-104841/,/data06/fUSIMethodsPaper/Data_analysis/sub-methods03/ses-240110/run-103350/,data06,
VisualTest,MethodsPaper,sub-methods03,ses-240110,run-111054,/data06/fUSIMethodsPaper/Data_analysis/sub-methods03/ses-240110/run-111054/,/data06/fUSIMethodsPaper/Data_analysis/sub-methods03/ses-240110/run-103350/,data06,
VisualTest,MethodsPaper,sub-methods03,ses-240111,run-140450,/data06/fUSIMethodsPaper/Data_analysis/sub-methods03/ses-240111/run-140450/,/data06/fUSIMethodsPaper/Data_analysis/sub-methods03/ses-240111/run-135158/,data06,
VisualTest,MethodsPaper,sub-methods03,ses-240111,run-142648,/data06/fUSIMethodsPaper/Data_analysis/sub-methods03/ses-240111/run-142648/,/data06/fUSIMethodsPaper/Data_analysis/sub-methods03/ses-240111/run-135158/,data06,
VisualTest,MethodsPaper,sub-methods04,ses-240108,run-161356,/data06/fUSIMethodsPaper/Data_analysis/sub-methods04/ses-240108/run-161356/,/data06/fUSIMethodsPaper/Data_analysis/sub-methods04/ses-240108/run-154044/,data06,
VisualTest,MethodsPaper,sub-methods04,ses-240108,run-163615,/data06/fUSIMethodsPaper/Data_analysis/sub-methods04/ses-240108/run-163615/,/data06/fUSIMethodsPaper/Data_analysis/sub-methods04/ses-240108/run-154044/,data06,
VisualTest,MethodsPaper,sub-methods04,ses-240110,run-115826,/data06/fUSIMethodsPaper/Data_analysis/sub-methods04/ses-240110/run-115826/,/data06/fUSIMethodsPaper/Data_analysis/sub-methods04/ses-240110/run-114616/,data06,
VisualTest,MethodsPaper,sub-methods04,ses-240110,run-122011,/data06/fUSIMethodsPaper/Data_analysis/sub-methods04/ses-240110/run-122011/,/data06/fUSIMethodsPaper/Data_analysis/sub-methods04/ses-240110/run-114616/,data06,
VisualTest,MethodsPaper,sub-methods04,ses-240111,run-152201,/data06/fUSIMethodsPaper/Data_analysis/sub-methods04/ses-240111/run-152201/,/data06/fUSIMethodsPaper/Data_analysis/sub-methods04/ses-240111/run-150224/,data06,
VisualTest,MethodsPaper,sub-methods04,ses-240111,run-154343,/data06/fUSIMethodsPaper/Data_analysis/sub-methods04/ses-240111/run-154343/,/data06/fUSIMethodsPaper/Data_analysis/sub-methods04/ses-240111/run-150224/,data06,
VisualTest,MethodsPaper,sub-methods05,ses-240126,run-101347,/data06/fUSIMethodsPaper/Data_analysis/sub-methods05/ses-240126/run-101347/,/data06/fUSIMethodsPaper/Data_analysis/sub-methods05/ses-240126/run-100106/,data06,
VisualTest,MethodsPaper,sub-methods05,ses-240129,run-112118,/data06/fUSIMethodsPaper/Data_analysis/sub-methods05/ses-240129/run-112118/,/data06/fUSIMethodsPaper/Data_analysis/sub-methods05/ses-240129/run-110828/,data06,
VisualTest,MethodsPaper,sub-methods02,ses-231219,run-142136,/data06/fUSIMethodsPaper/Data_analysis/sub-methods02/ses-231219/run-142136/,/data06/fUSIMethodsPaper/Data_analysis/sub-methods02/ses-231219/run-140232/,data06,
VisualTest,MethodsPaper,sub-methods05,ses-240125,run-143014,/data06/fUSIMethodsPaper/Data_analysis/sub-methods05/ses-240125/run-143014/,/data06/fUSIMethodsPaper/Data_analysis/sub-methods05/ses-240125/run-141727/,data06,
ShockTest,MethodsPaper,sub-methods02,ses-240103,run-142553,/data06/fUSIMethodsPaper/Data_analysis/sub-methods02/ses-240103/run-142553/,/data06/fUSIMethodsPaper/Data_analysis/sub-methods02/ses-240103/run-140517/,data06,
ShockTest,MethodsPaper,sub-methods01,ses-240104,run-155221,/data06/fUSIMethodsPaper/Data_analysis/sub-methods01/ses-240104/run-155221/,/data06/fUSIMethodsPaper/Data_analysis/sub-methods01/ses-240104/run-151641/,data06,
ShockTest,MethodsPaper,sub-methods01,ses-240105,run-141931,/data06/fUSIMethodsPaper/Data_analysis/sub-methods01/ses-240105/run-141931/,/data06/fUSIMethodsPaper/Data_analysis/sub-methods01/ses-240105/run-134709/,data06,
ShockTest,MethodsPaper,sub-methods01,ses-240112,run-104836,/data06/fUSIMethodsPaper/Data_analysis/sub-methods01/ses-240112/run-104836/,/data06/fUSIMethodsPaper/Data_analysis/sub-methods01/ses-240112/run-102532/,data06,
ShockTest,MethodsPaper,sub-methods03,ses-240115,run-151028,/data06/fUSIMethodsPaper/Data_analysis/sub-methods03/ses-240115/run-151028/,/data06/fUSIMethodsPaper/Data_analysis/sub-methods03/ses-240115/run-145032/,data06,
ShockTest,MethodsPaper,sub-methods03,ses-240116,run-105152,/data06/fUSIMethodsPaper/Data_analysis/sub-methods03/ses-240116/run-105152/,/data06/fUSIMethodsPaper/Data_analysis/sub-methods03/ses-240116/run-103209/,data06,
ShockTest,MethodsPaper,sub-methods03,ses-240119,run-100517,/data06/fUSIMethodsPaper/Data_analysis/sub-methods03/ses-240119/run-100517/,/data06/fUSIMethodsPaper/Data_analysis/sub-methods03/ses-240119/run-094051/,data06,
ShockTest,MethodsPaper,sub-methods04,ses-240116,run-123050,/data06/fUSIMethodsPaper/Data_analysis/sub-methods04/ses-240116/run-123050/,/data06/fUSIMethodsPaper/Data_analysis/sub-methods04/ses-240116/run-120905/,data06,
ShockTest,MethodsPaper,sub-methods04,ses-240119,run-120725,/data06/fUSIMethodsPaper/Data_analysis/sub-methods04/ses-240119/run-120725/,/data06/fUSIMethodsPaper/Data_analysis/sub-methods04/ses-240119/run-115020/,data06,
ShockTest,MethodsPaper,sub-methods05,ses-240201,run-101850,/data06/fUSIMethodsPaper/Data_analysis/sub-methods05/ses-240201/run-101850/,/data06/fUSIMethodsPaper/Data_analysis/sub-methods05/ses-240201/run-100114/,data06,
ShockTest,MethodsPaper,sub-methods05,ses-240202,run-101117,/data06/fUSIMethodsPaper/Data_analysis/sub-methods05/ses-240202/run-101117/,/data06/fUSIMethodsPaper/Data_analysis/sub-methods05/ses-240202/run-095105/,data06,
ShockTest,MethodsPaper,sub-methods05,ses-240207,run-160841,/data06/fUSIMethodsPaper/Data_analysis/sub-methods05/ses-240207/run-160841/,/data06/fUSIMethodsPaper/Data_analysis/sub-methods05/ses-240207/run-154622/,data06,
VS,EmotionalContagion,sub-Dyad01,ses-230329,run-124214,/data06/fUSIEmotionalContagion/Data_analysis/sub-Dyad01/ses-230329/run-124214/,/data06/fUSIEmotionalContagion/Data_analysis/sub-Dyad01/ses-230329/run-122938,data06,
VS,EmotionalContagion,sub-Dyad02,ses-230331,run-113508,/data06/fUSIEmotionalContagion/Data_analysis/sub-Dyad02/ses-230331/run-113508/,/data06/fUSIEmotionalContagion/Data_analysis/sub-Dyad02/ses-230331/run-112016,data06,
VS,EmotionalContagion,sub-Dyad03,ses-230330,run-112050,/data06/fUSIEmotionalContagion/Data_analysis/sub-Dyad03/ses-230330/run-112050/,/data06/fUSIEmotionalContagion/Data_analysis/sub-Dyad03/ses-230330/run-110153,data06,
VS,EmotionalContagion,sub-Dyad05,ses-230615,run-124111,/data06/fUSIEmotionalContagion/Data_analysis/sub-Dyad05/ses-230615/run-124111/,/data06/fUSIEmotionalContagion/Data_analysis/sub-Dyad05/ses-230615/run-123552,data06,
VS,EmotionalContagion,sub-Dyad07,ses-230623,run-112648,/data06/fUSIEmotionalContagion/Data_analysis/sub-Dyad07/ses-230623/run-112648/,/data06/fUSIEmotionalContagion/Data_analysis/sub-Dyad07/ses-230623/run-111330,data06,
VS,EmotionalContagion,sub-Dyad09,ses-240216,run-104749,/data06/fUSIEmotionalContagion/Data_analysis/sub-Dyad09/ses-240216/run-104749/,/data06/fUSIEmotionalContagion/Data_analysis/sub-Dyad09/ses-240216/run-103522,data06,
VS,EmotionalContagion,sub-Dyad10,ses-240308,run-100831,/data06/fUSIEmotionalContagion/Data_analysis/sub-Dyad10/ses-240308/run-100831/,/data06/fUSIEmotionalContagion/Data_analysis/sub-Dyad10/ses-240308/run-095114,data06,
VS,EmotionalContagion,sub-Dyad11,ses-240301,run-093719,/data06/fUSIEmotionalContagion/Data_analysis/sub-Dyad11/ses-240301/run-093719/,/data06/fUSIEmotionalContagion/Data_analysis/sub-Dyad11/ses-240301/run-092146,data06,
VS,EmotionalContagion,sub-Dyad12,ses-240524,run-105516,/data06/fUSIEmotionalContagion/Data_analysis/sub-Dyad12/ses-240524/run-105516/,/data06/fUSIEmotionalContagion/Data_analysis/sub-Dyad12/ses-240524/run-104237,data06,
VS,EmotionalContagion,sub-Dyad13,ses-240607,run-103830,/data06/fUSIEmotionalContagion/Data_analysis/sub-Dyad13/ses-240607/run-103830/,/data06/fUSIEmotionalContagion/Data_analysis/sub-Dyad13/ses-240607/run-102748,data06,
VS,EmotionalContagion,sub-Dyad14,ses-240614,run-104317,/data06/fUSIEmotionalContagion/Data_analysis/sub-Dyad14/ses-240614/run-104317/,/data06/fUSIEmotionalContagion/Data_analysis/sub-Dyad14/ses-240614/run-102319,data06,
VS,EmotionalContagion,sub-Dyad15,ses-240621,run-103333,/data06/fUSIEmotionalContagion/Data_analysis/sub-Dyad15/ses-240621/run-103333/,/data06/fUSIEmotionalContagion/Data_analysis/sub-Dyad15/ses-240621/run-101917,data06,
SO,EmotionalContagion,sub-Dyad01,ses-230329,run-130900,/data06/fUSIEmotionalContagion/Data_analysis/sub-Dyad01/ses-230329/run-130900,/data06/fUSIEmotionalContagion/Data_analysis/sub-Dyad01/ses-230329/run-122938,data06,
SO,EmotionalContagion,sub-Dyad02,ses-230331,run-115007,/data06/fUSIEmotionalContagion/Data_analysis/sub-Dyad02/ses-230331/run-115007,/data06/fUSIEmotionalContagion/Data_analysis/sub-Dyad02/ses-230331/run-112016,data06,
SO,EmotionalContagion,sub-Dyad03,ses-230330,run-113759,/data06/fUSIEmotionalContagion/Data_analysis/sub-Dyad03/ses-230330/run-113759,/data06/fUSIEmotionalContagion/Data_analysis/sub-Dyad03/ses-230330/run-110153,data06,
SO,EmotionalContagion,sub-Dyad05,ses-230615,run-125033,/data06/fUSIEmotionalContagion/Data_analysis/sub-Dyad05/ses-230615/run-125033,/data06/fUSIEmotionalContagion/Data_analysis/sub-Dyad05/ses-230615/run-123552,data06,
SO,EmotionalContagion,sub-Dyad07,ses-230623,run-113731,/data06/fUSIEmotionalContagion/Data_analysis/sub-Dyad07/ses-230623/run-113731,/data06/fUSIEmotionalContagion/Data_analysis/sub-Dyad07/ses-230623/run-111330,data06,
SO,EmotionalContagion,sub-Dyad09,ses-240216,run-110127,/data06/fUSIEmotionalContagion/Data_analysis/sub-Dyad09/ses-240216/run-110127,/data06/fUSIEmotionalContagion/Data_analysis/sub-Dyad09/ses-240216/run-103522,data06,
SO,EmotionalContagion,sub-Dyad10,ses-240308,run-102200,/data06/fUSIEmotionalContagion/Data_analysis/sub-Dyad10/ses-240308/run-102200,/data06/fUSIEmotionalContagion/Data_analysis/sub-Dyad10/ses-240308/run-095114,data06,
SO,EmotionalContagion,sub-Dyad11,ses-240301,run-101329,/data06/fUSIEmotionalContagion/Data_analysis/sub-Dyad11/ses-240301/run-101329,/data06/fUSIEmotionalContagion/Data_analysis/sub-Dyad11/ses-240301/run-092146,data06,
SO,EmotionalContagion,sub-Dyad12,ses-240524,run-110855,/data06/fUSIEmotionalContagion/Data_analysis/sub-Dyad12/ses-240524/run-110855,/data06/fUSIEmotionalContagion/Data_analysis/sub-Dyad12/ses-240524/run-104237,data06,
SO,EmotionalContagion,sub-Dyad13,ses-240607,run-105230,/data06/fUSIEmotionalContagion/Data_analysis/sub-Dyad13/ses-240607/run-105230,/data06/fUSIEmotionalContagion/Data_analysis/sub-Dyad13/ses-240607/run-102748,data06,
SO,EmotionalContagion,sub-Dyad14,ses-240614,run-105628,/data06/fUSIEmotionalContagion/Data_analysis/sub-Dyad14/ses-240614/run-105628,/data06/fUSIEmotionalContagion/Data_analysis/sub-Dyad14/ses-240614/run-102319,data06,
SO,EmotionalContagion,sub-Dyad15,ses-240621,run-104740,/data06/fUSIEmotionalContagion/Data_analysis/sub-Dyad15/ses-240621/run-104740,/data06/fUSIEmotionalContagion/Data_analysis/sub-Dyad15/ses-240621/run-101917,data06,
FR,EmotionalContagion,sub-Dyad01,ses-230329,run-135532,/data06/fUSIEmotionalContagion/Data_analysis/sub-Dyad01/ses-230329/run-135532,/data06/fUSIEmotionalContagion/Data_analysis/sub-Dyad01/ses-230329/run-122938,data06,
FR,EmotionalContagion,sub-Dyad02,ses-230331,run-122859,/data06/fUSIEmotionalContagion/Data_analysis/sub-Dyad02/ses-230331/run-122859,/data06/fUSIEmotionalContagion/Data_analysis/sub-Dyad02/ses-230331/run-112016,data06,
FR,EmotionalContagion,sub-Dyad03,ses-230330,run-121425,/data06/fUSIEmotionalContagion/Data_analysis/sub-Dyad03/ses-230330/run-121425,/data06/fUSIEmotionalContagion/Data_analysis/sub-Dyad03/ses-230330/run-110153,data06,
FR,EmotionalContagion,sub-Dyad05,ses-230615,run-132829,/data06/fUSIEmotionalContagion/Data_analysis/sub-Dyad05/ses-230615/run-132829,/data06/fUSIEmotionalContagion/Data_analysis/sub-Dyad05/ses-230615/run-123552,data06,
FR,EmotionalContagion,sub-Dyad07,ses-230623,run-121704,/data06/fUSIEmotionalContagion/Data_analysis/sub-Dyad07/ses-230623/run-121704,/data06/fUSIEmotionalContagion/Data_analysis/sub-Dyad07/ses-230623/run-111330,data06,
FR,EmotionalContagion,sub-Dyad09,ses-240216,run-114141,/data06/fUSIEmotionalContagion/Data_analysis/sub-Dyad09/ses-240216/run-114141,/data06/fUSIEmotionalContagion/Data_analysis/sub-Dyad09/ses-240216/run-103522,data06,
FR,EmotionalContagion,sub-Dyad10,ses-240308,run-105859,/data06/fUSIEmotionalContagion/Data_analysis/sub-Dyad10/ses-240308/run-105859,/data06/fUSIEmotionalContagion/Data_analysis/sub-Dyad10/ses-240308/run-095114,data06,
FR,EmotionalContagion,sub-Dyad11,ses-240301,run-104011,/data06/fUSIEmotionalContagion/Data_analysis/sub-Dyad11/ses-240301/run-104011,/data06/fUSIEmotionalContagion/Data_analysis/sub-Dyad11/ses-240301/run-092146,data06,
FR,EmotionalContagion,sub-Dyad12,ses-240524,run-114617,/data06/fUSIEmotionalContagion/Data_analysis/sub-Dyad12/ses-240524/run-114617,/data06/fUSIEmotionalContagion/Data_analysis/sub-Dyad12/ses-240524/run-104237,data06,
FR,EmotionalContagion,sub-Dyad13,ses-240607,run-113126,/data06/fUSIEmotionalContagion/Data_analysis/sub-Dyad13/ses-240607/run-113126,/data06/fUSIEmotionalContagion/Data_analysis/sub-Dyad13/ses-240607/run-102748,data06,
FR,EmotionalContagion,sub-Dyad14,ses-240614,run-113713,/data06/fUSIEmotionalContagion/Data_analysis/sub-Dyad14/ses-240614/run-113713,/data06/fUSIEmotionalContagion/Data_analysis/sub-Dyad14/ses-240614/run-102319,data06,
FR,EmotionalContagion,sub-Dyad15,ses-240621,run-112656,/data06/fUSIEmotionalContagion/Data_analysis/sub-Dyad15/ses-240621/run-112656,/data06/fUSIEmotionalContagion/Data_analysis/sub-Dyad15/ses-240621/run-101917,data06,
SS,EmotionalContagion,sub-Dyad01,ses-230329,run-SS,/data06/fUSIEmotionalContagion/Data_analysis/sub-Dyad01/ses-230329/run-SS/,/data06/fUSIEmotionalContagion/Data_analysis/sub-Dyad01/ses-230329/run-122938,data06,
SS,EmotionalContagion,sub-Dyad02,ses-230331,run-124007,/data06/fUSIEmotionalContagion/Data_analysis/sub-Dyad02/ses-230331/run-124007/,/data06/fUSIEmotionalContagion/Data_analysis/sub-Dyad02/ses-230331/run-112016,data06,
SS,EmotionalContagion,sub-Dyad03,ses-230330,run-122652,/data06/fUSIEmotionalContagion/Data_analysis/sub-Dyad03/ses-230330/run-122652/,/data06/fUSIEmotionalContagion/Data_analysis/sub-Dyad03/ses-230330/run-110153,data06,
SS,EmotionalContagion,sub-Dyad05,ses-230615,run-135524,/data06/fUSIEmotionalContagion/Data_analysis/sub-Dyad05/ses-230615/run-135524/,/data06/fUSIEmotionalContagion/Data_analysis/sub-Dyad05/ses-230615/run-123552,data06,
SS,EmotionalContagion,sub-Dyad07,ses-230623,run-123843,/data06/fUSIEmotionalContagion/Data_analysis/sub-Dyad07/ses-230623/run-123843/,/data06/fUSIEmotionalContagion/Data_analysis/sub-Dyad07/ses-230623/run-111330,data06,
SS,EmotionalContagion,sub-Dyad09,ses-240216,run-120210,/data06/fUSIEmotionalContagion/Data_analysis/sub-Dyad09/ses-240216/run-120210/,/data06/fUSIEmotionalContagion/Data_analysis/sub-Dyad09/ses-240216/run-103522,data06,
SS,EmotionalContagion,sub-Dyad10,ses-240308,run-112203,/data06/fUSIEmotionalContagion/Data_analysis/sub-Dyad10/ses-240308/run-112203/,/data06/fUSIEmotionalContagion/Data_analysis/sub-Dyad10/ses-240308/run-095114,data06,
SS,EmotionalContagion,sub-Dyad11,ses-240301,run-110140,/data06/fUSIEmotionalContagion/Data_analysis/sub-Dyad11/ses-240301/run-110140/,/data06/fUSIEmotionalContagion/Data_analysis/sub-Dyad11/ses-240301/run-092146,data06,
SS,EmotionalContagion,sub-Dyad12,ses-240524,run-120808,/data06/fUSIEmotionalContagion/Data_analysis/sub-Dyad12/ses-240524/run-120808/,/data06/fUSIEmotionalContagion/Data_analysis/sub-Dyad12/ses-240524/run-104237,data06,
SS,EmotionalContagion,sub-Dyad13,ses-240607,run-115354,/data06/fUSIEmotionalContagion/Data_analysis/sub-Dyad13/ses-240607/run-115354/,/data06/fUSIEmotionalContagion/Data_analysis/sub-Dyad13/ses-240607/run-102748,data06,
SS,EmotionalContagion,sub-Dyad14,ses-240614,run-115946,/data06/fUSIEmotionalContagion/Data_analysis/sub-Dyad14/ses-240614/run-115946/,/data06/fUSIEmotionalContagion/Data_analysis/sub-Dyad14/ses-240614/run-102319,data06,
SS,EmotionalContagion,sub-Dyad15,ses-240621,run-114914,/data06/fUSIEmotionalContagion/Data_analysis/sub-Dyad15/ses-240621/run-114914/,/data06/fUSIEmotionalContagion/Data_analysis/sub-Dyad15/ses-240621/run-101917,data06,
SOcFOS,EmotionalContagion,sub-CFOS03,ses-240315,run-100823,/data06/fUSIEmotionalContagion/Data_analysis/sub-CFOS03/ses-240315/run-100823/,/data06/fUSIEmotionalContagion/Data_analysis/sub-Dyad01/ses-230329/run-122938,data06,
SOcFOS,EmotionalContagion,sub-CFOS04,ses-240315,run-123308,/data06/fUSIEmotionalContagion/Data_analysis/sub-CFOS04/ses-240315/run-123308/,/data06/fUSIEmotionalContagion/Data_analysis/sub-Dyad02/ses-230331/run-112016,data06,
SOcFOS,EmotionalContagion,sub-CFOS05,ses-240412,run-114408,/data06/fUSIEmotionalContagion/Data_analysis/sub-CFOS05/ses-240412/run-114408/,/data06/fUSIEmotionalContagion/Data_analysis/sub-Dyad03/ses-230330/run-110153,data06,
SOcFOS,EmotionalContagion,sub-CFOS03,ses-240315,run-100823,/data06/fUSIEmotionalContagion/Data_analysis/sub-CFOS03/ses-240315/run-100823/,/data06/fUSIEmotionalContagion/Data_analysis/sub-Dyad05/ses-230615/run-123552,data06,
SOcFOS,EmotionalContagion,sub-CFOS03,ses-240315,run-100823,/data06/fUSIEmotionalContagion/Data_analysis/sub-CFOS03/ses-240315/run-100823/,/data06/fUSIEmotionalContagion/Data_analysis/sub-Dyad07/ses-230623/run-111330,data06,
SOcFOS,EmotionalContagion,sub-CFOS03,ses-240315,run-100823,/data06/fUSIEmotionalContagion/Data_analysis/sub-CFOS03/ses-240315/run-100823/,/data06/fUSIEmotionalContagion/Data_analysis/sub-Dyad09/ses-240216/run-103522,data06,
SOcFOS,EmotionalContagion,sub-CFOS03,ses-240315,run-100823,/data06/fUSIEmotionalContagion/Data_analysis/sub-CFOS03/ses-240315/run-100823/,/data06/fUSIEmotionalContagion/Data_analysis/sub-Dyad10/ses-240308/run-095114,data06,
SOcFOS,EmotionalContagion,sub-CFOS03,ses-240315,run-100823,/data06/fUSIEmotionalContagion/Data_analysis/sub-CFOS03/ses-240315/run-100823/,/data06/fUSIEmotionalContagion/Data_analysis/sub-Dyad11/ses-240301/run-092146,data06,
SOcFOS,EmotionalContagion,sub-CFOS03,ses-240315,run-100823,/data06/fUSIEmotionalContagion/Data_analysis/sub-CFOS03/ses-240315/run-100823/,/data06/fUSIEmotionalContagion/Data_analysis/sub-Dyad12/ses-240524/run-104237,data06,
SOcFOS,EmotionalContagion,sub-CFOS03,ses-240315,run-100823,/data06/fUSIEmotionalContagion/Data_analysis/sub-CFOS03/ses-240315/run-100823/,/data06/fUSIEmotionalContagion/Data_analysis/sub-Dyad13/ses-240607/run-102748,data06,
SOcFOS,EmotionalContagion,sub-CFOS03,ses-240315,run-100823,/data06/fUSIEmotionalContagion/Data_analysis/sub-CFOS03/ses-240315/run-100823/,/data06/fUSIEmotionalContagion/Data_analysis/sub-Dyad14/ses-240614/run-102319,data06,
SOFC,EmotionalContagion,sub-Dyad01,ses-230329,run-SOFC,/data06/fUSIEmotionalContagion/Data_analysis/sub-Dyad01/ses-230329/run-SOFC,/data06/fUSIEmotionalContagion/Data_analysis/sub-Dyad01/ses-230329/run-122938,data06,
SOFC,EmotionalContagion,sub-Dyad02,ses-230331,run-SOFC,/data06/fUSIEmotionalContagion/Data_analysis/sub-Dyad02/ses-230331/run-SOFC,/data06/fUSIEmotionalContagion/Data_analysis/sub-Dyad02/ses-230331/run-112016,data06,
SOFC,EmotionalContagion,sub-Dyad03,ses-230330,run-SOFC,/data06/fUSIEmotionalContagion/Data_analysis/sub-Dyad03/ses-230330/run-SOFC,/data06/fUSIEmotionalContagion/Data_analysis/sub-Dyad03/ses-230330/run-110153,data06,
SOFC,EmotionalContagion,sub-Dyad05,ses-230615,run-SOFC,/data06/fUSIEmotionalContagion/Data_analysis/sub-Dyad05/ses-230615/run-SOFC,/data06/fUSIEmotionalContagion/Data_analysis/sub-Dyad05/ses-230615/run-123552,data06,
SOFC,EmotionalContagion,sub-Dyad07,ses-230623,run-SOFC,/data06/fUSIEmotionalContagion/Data_analysis/sub-Dyad07/ses-230623/run-SOFC,/data06/fUSIEmotionalContagion/Data_analysis/sub-Dyad07/ses-230623/run-111330,data06,
SOFC,EmotionalContagion,sub-Dyad09,ses-240216,run-SOFC,/data06/fUSIEmotionalContagion/Data_analysis/sub-Dyad09/ses-240216/run-SOFC,/data06/fUSIEmotionalContagion/Data_analysis/sub-Dyad09/ses-240216/run-103522,data06,
SOFC,EmotionalContagion,sub-Dyad10,ses-240308,run-SOFC,/data06/fUSIEmotionalContagion/Data_analysis/sub-Dyad10/ses-240308/run-SOFC,/data06/fUSIEmotionalContagion/Data_analysis/sub-Dyad10/ses-240308/run-095114,data06,
SOFC,EmotionalContagion,sub-Dyad11,ses-240301,run-SOFC,/data06/fUSIEmotionalContagion/Data_analysis/sub-Dyad11/ses-240301/run-SOFC,/data06/fUSIEmotionalContagion/Data_analysis/sub-Dyad11/ses-240301/run-092146,data06,
SOFC,EmotionalContagion,sub-Dyad12,ses-240524,run-SOFC,/data06/fUSIEmotionalContagion/Data_analysis/sub-Dyad12/ses-240524/run-SOFC,/data06/fUSIEmotionalContagion/Data_analysis/sub-Dyad12/ses-240524/run-104237,data06,
SOFC,EmotionalContagion,sub-Dyad13,ses-240607,run-SOFC,/data06/fUSIEmotionalContagion/Data_analysis/sub-Dyad13/ses-240607/run-SOFC,/data06/fUSIEmotionalContagion/Data_analysis/sub-Dyad13/ses-240607/run-102748,data06,
SOFC,EmotionalContagion,sub-Dyad14,ses-240614,run-SOFC,/data06/fUSIEmotionalContagion/Data_analysis/sub-Dyad14/ses-240614/run-SOFC,/data06/fUSIEmotionalContagion/Data_analysis/sub-Dyad14/ses-240614/run-102319,data06,
VisualTestMultiSlice,MethodsPaper,sub-methods01,ses-231222,run-123247,/data06/fUSIMethodsPaper/Data_analysis/sub-methods01/ses-231222/run-123247/,/data06/fUSIMethodsPaper/Data_analysis/sub-methods01/ses-231222/run-120552/,data06,
VisualTestMultiSlice,MethodsPaper,sub-methods01,ses-231222,run-124213,/data06/fUSIMethodsPaper/Data_analysis/sub-methods01/ses-231222/run-124213/,/data06/fUSIMethodsPaper/Data_analysis/sub-methods01/ses-231222/run-120552/,data06,
VisualTestMultiSlice,MethodsPaper,sub-methods01,ses-231222,run-125114,/data06/fUSIMethodsPaper/Data_analysis/sub-methods01/ses-231222/run-125114/,/data06/fUSIMethodsPaper/Data_analysis/sub-methods01/ses-231222/run-120552/,data06,
VisualTestMultiSlice,MethodsPaper,sub-methods01,ses-231222,run-130049,/data06/fUSIMethodsPaper/Data_analysis/sub-methods01/ses-231222/run-130049/,/data06/fUSIMethodsPaper/Data_analysis/sub-methods01/ses-231222/run-120552/,data06,
VisualTestMultiSlice,MethodsPaper,sub-methods01,ses-231222,run-130938,/data06/fUSIMethodsPaper/Data_analysis/sub-methods01/ses-231222/run-130938/,/data06/fUSIMethodsPaper/Data_analysis/sub-methods01/ses-231222/run-120552/,data06,
VisualTestMultiSlice,MethodsPaper,sub-methods01,ses-231222,run-131817,/data06/fUSIMethodsPaper/Data_analysis/sub-methods01/ses-231222/run-131817/,/data06/fUSIMethodsPaper/Data_analysis/sub-methods01/ses-231222/run-120552/,data06,
VisualTestMultiSlice,MethodsPaper,sub-methods02,ses-231222,run-110441,/data06/fUSIMethodsPaper/Data_analysis/sub-methods02/ses-231222/run-110441/,/data06/fUSIMethodsPaper/Data_analysis/sub-methods02/ses-231222/run-102916/,data06,
VisualTestMultiSlice,MethodsPaper,sub-methods02,ses-231222,run-111350,/data06/fUSIMethodsPaper/Data_analysis/sub-methods02/ses-231222/run-111350/,/data06/fUSIMethodsPaper/Data_analysis/sub-methods02/ses-231222/run-102916/,data06,
VisualTestMultiSlice,MethodsPaper,sub-methods02,ses-231222,run-105516,/data06/fUSIMethodsPaper/Data_analysis/sub-methods02/ses-231222/run-105516/,/data06/fUSIMethodsPaper/Data_analysis/sub-methods02/ses-231222/run-102916/,data06,
VisualTestMultiSlice,MethodsPaper,sub-methods02,ses-231222,run-112248,/data06/fUSIMethodsPaper/Data_analysis/sub-methods02/ses-231222/run-112248/,/data06/fUSIMethodsPaper/Data_analysis/sub-methods02/ses-231222/run-102916/,data06,
VisualTestMultiSlice,MethodsPaper,sub-methods02,ses-231222,run-113310,/data06/fUSIMethodsPaper/Data_analysis/sub-methods02/ses-231222/run-113310/,/data06/fUSIMethodsPaper/Data_analysis/sub-methods02/ses-231222/run-102916/,data06,
VisualTestMultiSlice,MethodsPaper,sub-methods02,ses-231222,run-114148,/data06/fUSIMethodsPaper/Data_analysis/sub-methods02/ses-231222/run-114148/,/data06/fUSIMethodsPaper/Data_analysis/sub-methods02/ses-231222/run-102916/,data06,
VisualTestMultiSlice,MethodsPaper,sub-methods03,ses-240112,run-125708,/data06/fUSIMethodsPaper/Data_analysis/sub-methods03/ses-240112/run-125708/,/data06/fUSIMethodsPaper/Data_analysis/sub-methods03/ses-240112/run-123417/,data06,
VisualTestMultiSlice,MethodsPaper,sub-methods03,ses-240112,run-130859,/data06/fUSIMethodsPaper/Data_analysis/sub-methods03/ses-240112/run-130859/,/data06/fUSIMethodsPaper/Data_analysis/sub-methods03/ses-240112/run-123417/,data06,
VisualTestMultiSlice,MethodsPaper,sub-methods03,ses-240112,run-124507,/data06/fUSIMethodsPaper/Data_analysis/sub-methods03/ses-240112/run-124507/,/data06/fUSIMethodsPaper/Data_analysis/sub-methods03/ses-240112/run-123417/,data06,
VisualTestMultiSlice,MethodsPaper,sub-methods03,ses-240112,run-132130,/data06/fUSIMethodsPaper/Data_analysis/sub-methods03/ses-240112/run-132130/,/data06/fUSIMethodsPaper/Data_analysis/sub-methods03/ses-240112/run-123417/,data06,
VisualTestMultiSlice,MethodsPaper,sub-methods03,ses-240112,run-133322,/data06/fUSIMethodsPaper/Data_analysis/sub-methods03/ses-240112/run-133322/,/data06/fUSIMethodsPaper/Data_analysis/sub-methods03/ses-240112/run-123417/,data06,
VisualTestMultiSlice,MethodsPaper,sub-methods03,ses-240112,run-134457,/data06/fUSIMethodsPaper/Data_analysis/sub-methods03/ses-240112/run-134457/,/data06/fUSIMethodsPaper/Data_analysis/sub-methods03/ses-240112/run-123417/,data06,
VisualTestMultiSlice,MethodsPaper,sub-methods04,ses-240112,run-143648,/data06/fUSIMethodsPaper/Data_analysis/sub-methods04/ses-240112/run-143648/,/data06/fUSIMethodsPaper/Data_analysis/sub-methods04/ses-240112/run-141441/,data06,
VisualTestMultiSlice,MethodsPaper,sub-methods04,ses-240112,run-144839,/data06/fUSIMethodsPaper/Data_analysis/sub-methods04/ses-240112/run-144839/,/data06/fUSIMethodsPaper/Data_analysis/sub-methods04/ses-240112/run-141441/,data06,
VisualTestMultiSlice,MethodsPaper,sub-methods04,ses-240112,run-142450,/data06/fUSIMethodsPaper/Data_analysis/sub-methods04/ses-240112/run-142450/,/data06/fUSIMethodsPaper/Data_analysis/sub-methods04/ses-240112/run-141441/,data06,
VisualTestMultiSlice,MethodsPaper,sub-methods04,ses-240112,run-150046,/data06/fUSIMethodsPaper/Data_analysis/sub-methods04/ses-240112/run-150046/,/data06/fUSIMethodsPaper/Data_analysis/sub-methods04/ses-240112/run-141441/,data06,
VisualTestMultiSlice,MethodsPaper,sub-methods04,ses-240112,run-151308,/data06/fUSIMethodsPaper/Data_analysis/sub-methods04/ses-240112/run-151308/,/data06/fUSIMethodsPaper/Data_analysis/sub-methods04/ses-240112/run-141441/,data06,
VisualTestMultiSlice,MethodsPaper,sub-methods04,ses-240112,run-152524,/data06/fUSIMethodsPaper/Data_analysis/sub-methods04/ses-240112/run-152524/,/data06/fUSIMethodsPaper/Data_analysis/sub-methods04/ses-240112/run-141441/,data06,
VisualTestMultiSlice,MethodsPaper,sub-methods05,ses-240130,run-115947,/data06/fUSIMethodsPaper/Data_analysis/sub-methods05/ses-240130/run-115947/,/data06/fUSIMethodsPaper/Data_analysis/sub-methods05/ses-240130/run-112415/,data06,
VisualTestMultiSlice,MethodsPaper,sub-methods05,ses-240130,run-121204,/data06/fUSIMethodsPaper/Data_analysis/sub-methods05/ses-240130/run-121204/,/data06/fUSIMethodsPaper/Data_analysis/sub-methods05/ses-240130/run-112415/,data06,
VisualTestMultiSlice,MethodsPaper,sub-methods05,ses-240130,run-114737,/data06/fUSIMethodsPaper/Data_analysis/sub-methods05/ses-240130/run-114737/,/data06/fUSIMethodsPaper/Data_analysis/sub-methods05/ses-240130/run-112415/,data06,
VisualTestMultiSlice,MethodsPaper,sub-methods05,ses-240130,run-122426,/data06/fUSIMethodsPaper/Data_analysis/sub-methods05/ses-240130/run-122426/,/data06/fUSIMethodsPaper/Data_analysis/sub-methods05/ses-240130/run-112415/,data06,
VisualTestMultiSlice,MethodsPaper,sub-methods05,ses-240130,run-123701,/data06/fUSIMethodsPaper/Data_analysis/sub-methods05/ses-240130/run-123701/,/data06/fUSIMethodsPaper/Data_analysis/sub-methods05/ses-240130/run-112415/,data06,
VisualTestMultiSlice,MethodsPaper,sub-methods05,ses-240130,run-124910,/data06/fUSIMethodsPaper/Data_analysis/sub-methods05/ses-240130/run-124910/,/data06/fUSIMethodsPaper/Data_analysis/sub-methods05/ses-240130/run-112415/,data06,
USStimulation,USS,animal1,ses-240916,run-165644,/data03/USS/Data_analysis/animal1/ses-240916/run-165644/,/data03/USS/Data_analysis/animal1/ses-240916/run-163205/,data03,
USStimulation,USS,animal2,ses-240916,run-144409,/data03/USS/Data_analysis/animal2/ses-240916/run-144409/,/data03/USS/Data_analysis/animal2/ses-240916/run-141934/,data03,
USStimulation,USS,animal1,ses-240917,run-122601,/data03/USS/Data_analysis/animal1/ses-240917/run-122601/,/data03/USS/Data_analysis/animal1/ses-240916/run-163205/,data03,
USStimulation,USS,animal1,ses-240917,run-125149,/data03/USS/Data_analysis/animal1/ses-240917/run-125149/,/data03/USS/Data_analysis/animal1/ses-240916/run-163205/,data03,
USStimulation,USS,animal1,ses-240917,run-131126,/data03/USS/Data_analysis/animal1/ses-240917/run-131126/,/data03/USS/Data_analysis/animal1/ses-240916/run-163205/,data03,
USStimulation,USS,animal2,ses-240917,run-160022,/data03/USS/Data_analysis/animal2/ses-240917/run-160022/,/data03/USS/Data_analysis/animal2/ses-240916/run-141934/,data03,
USStimulation,USS,animal2,ses-240917,run-163257,/data03/USS/Data_analysis/animal2/ses-240917/run-163257/,/data03/USS/Data_analysis/animal2/ses-240916/run-141934/,data03,
USStimulation,USS,animal2,ses-240917,run-170411,/data03/USS/Data_analysis/animal2/ses-240917/run-170411/,/data03/USS/Data_analysis/animal2/ses-240916/run-141934/,data03,
USStimulation,USS,animal1,ses-240918,run-165905,/data03/USS/Data_analysis/animal1/ses-240918/run-165905/,/data03/USS/Data_analysis/animal1/ses-240916/run-163205/,data03,
USStimulation,USS,animal1,ses-240918,run-172355,/data03/USS/Data_analysis/animal1/ses-240918/run-172355/,/data03/USS/Data_analysis/animal1/ses-240916/run-163205/,data03,
USStimulation,USS,animal1,ses-240918,run-174256,/data03/USS/Data_analysis/animal1/ses-240918/run-174256/,/data03/USS/Data_analysis/animal1/ses-240916/run-163205/,data03,
USStimulation,USS,animal2,ses-240918,run-123230,/data03/USS/Data_analysis/animal2/ses-240918/run-123230/,/data03/USS/Data_analysis/animal2/ses-240916/run-141934/,data03,
USStimulation,USS,animal2,ses-240918,run-125830,/data03/USS/Data_analysis/animal2/ses-240918/run-125830/,/data03/USS/Data_analysis/animal2/ses-240916/run-141934/,data03,
USStimulation,USS,animal2,ses-240918,run-131734,/data03/USS/Data_analysis/animal2/ses-240918/run-131734/,/data03/USS/Data_analysis/animal2/ses-240916/run-141934/,data03,
USStimulation,USS,animal1,ses-240920,run-123223,/data03/USS/Data_analysis/animal1/ses-240920/run-123223/,/data03/USS/Data_analysis/animal1/ses-240916/run-163205/,data03,
USStimulation,USS,animal1,ses-240920,run-130147,/data03/USS/Data_analysis/animal1/ses-240920/run-130147/,/data03/USS/Data_analysis/animal1/ses-240916/run-163205/,data03,
USStimulation,USS,animal1,ses-240920,run-132200,/data03/USS/Data_analysis/animal1/ses-240920/run-132200/,/data03/USS/Data_analysis/animal1/ses-240916/run-163205/,data03,
USStimulation,USS,animal2,ses-240920,run-164354,/data03/USS/Data_analysis/animal2/ses-240920/run-164354/,/data03/USS/Data_analysis/animal2/ses-240916/run-141934/,data03,
USStimulation,USS,animal2,ses-240920,run-171217,/data03/USS/Data_analysis/animal2/ses-240920/run-171217/,/data03/USS/Data_analysis/animal2/ses-240916/run-141934/,data03,
USStimulation,USS,animal3,ses-241209,run-173809,/data03/USS/Data_analysis/animal3/ses-241209/run-173809/,/data03/USS/Data_analysis/animal3/ses-241206/run-125538/,data03,
USStimulation,USS,animal3,ses-241209,run-180013,/data03/USS/Data_analysis/animal3/ses-241209/run-180013/,/data03/USS/Data_analysis/animal3/ses-241206/run-125538/,data03,
USStimulation,USS,animal3,ses-241209,run-182002,/data03/USS/Data_analysis/animal3/ses-241209/run-182002/,/data03/USS/Data_analysis/animal3/ses-241206/run-125538/,data03,
USStimulation,USS,animal4,ses-241209,run-144141,/data03/USS/Data_analysis/animal4/ses-241209/run-144141/,/data03/USS/Data_analysis/animal4/ses-241206/run-153342/,data03,
USStimulation,USS,animal4,ses-241209,run-151140,/data03/USS/Data_analysis/animal4/ses-241209/run-151140/,/data03/USS/Data_analysis/animal4/ses-241206/run-153342/,data03,
USStimulation,USS,animal4,ses-241209,run-153048,/data03/USS/Data_analysis/animal4/ses-241209/run-153048/,/data03/USS/Data_analysis/animal4/ses-241206/run-153342/,data03,
USStimulation,USS,animal3,ses-241210,run-122338,/data03/USS/Data_analysis/animal3/ses-241210/run-122338/,/data03/USS/Data_analysis/animal3/ses-241206/run-125538/,data03,
USStimulation,USS,animal3,ses-241210,run-124702,/data03/USS/Data_analysis/animal3/ses-241210/run-124702/,/data03/USS/Data_analysis/animal3/ses-241206/run-125538/,data03,
USStimulation,USS,animal3,ses-241210,run-130646,/data03/USS/Data_analysis/animal3/ses-241210/run-130646/,/data03/USS/Data_analysis/animal3/ses-241206/run-125538/,data03,
USStimulation,USS,animal4,ses-241210,run-164455,/data03/USS/Data_analysis/animal4/ses-241210/run-164455/,/data03/USS/Data_analysis/animal4/ses-241206/run-153342/,data03,
USStimulation,USS,animal4,ses-241210,run-170916,/data03/USS/Data_analysis/animal4/ses-241210/run-170916/,/data03/USS/Data_analysis/animal4/ses-241206/run-153342/,data03,
USStimulation,USS,animal4,ses-241210,run-172834,/data03/USS/Data_analysis/animal4/ses-241210/run-172834/,/data03/USS/Data_analysis/animal4/ses-241206/run-153342/,data03,
USStimulation,USS,animal3,ses-241211,run-155426,/data03/USS/Data_analysis/animal3/ses-241211/run-155426/,/data03/USS/Data_analysis/animal3/ses-241206/run-125538/,data03,
USStimulation,USS,animal3,ses-241211,run-164719,/data03/USS/Data_analysis/animal3/ses-241211/run-164719/,/data03/USS/Data_analysis/animal3/ses-241206/run-125538/,data03,
USStimulation,USS,animal3,ses-241213,run-122759,/data03/USS/Data_analysis/animal3/ses-241213/run-122759/,/data03/USS/Data_analysis/animal3/ses-241206/run-125538/,data03,
USStimulation,USS,animal3,ses-241213,run-125227,/data03/USS/Data_analysis/animal3/ses-241213/run-125227/,/data03/USS/Data_analysis/animal3/ses-241206/run-125538/,data03,
USStimulation,USS,animal3,ses-241213,run-131305,/data03/USS/Data_analysis/animal3/ses-241213/run-131305/,/data03/USS/Data_analysis/animal3/ses-241206/run-125538/,data03,
USStimulation,USS,animal4,ses-241211,run-120846,/data03/USS/Data_analysis/animal4/ses-241211/run-120846/,/data03/USS/Data_analysis/animal4/ses-241206/run-153342/,data03,
USStimulation,USS,animal4,ses-241211,run-124120,/data03/USS/Data_analysis/animal4/ses-241211/run-124120/,/data03/USS/Data_analysis/animal4/ses-241206/run-153342/,data03,
USStimulation,USS,animal4,ses-241211,run-130027,/data03/USS/Data_analysis/animal4/ses-241211/run-130027/,/data03/USS/Data_analysis/animal4/ses-241206/run-153342/,data03,
USStimulation,USS,animal4,ses-241213,run-162050,/data03/USS/Data_analysis/animal4/ses-241213/run-162050/,/data03/USS/Data_analysis/animal4/ses-241206/run-153342/,data03,
USStimulation,USS,animal4,ses-241213,run-164339,/data03/USS/Data_analysis/animal4/ses-241213/run-164339/,/data03/USS/Data_analysis/animal4/ses-241206/run-153342/,data03,
USStimulation,USS,animal4,ses-241213,run-170236,/data03/USS/Data_analysis/animal4/ses-241213/run-170236/,/data03/USS/Data_analysis/animal4/ses-241206/run-153342/,data03,
USStimulation,USS,animal5,ses-250127,run-125612,/data03/USS/Data_analysis/animal5/ses-250127/run-125612/,/data03/USS/Data_analysis/animal5/ses-250127/run-122411/,data03,
USStimulation,USS,animal5,ses-250127,run-131851,/data03/USS/Data_analysis/animal5/ses-250127/run-131851/,/data03/USS/Data_analysis/animal5/ses-250127/run-122411/,data03,
USStimulation,USS,animal5,ses-250127,run-133737,/data03/USS/Data_analysis/animal5/ses-250127/run-133737/,/data03/USS/Data_analysis/animal5/ses-250127/run-122411/,data03,
USStimulation,USS,animal5,ses-250128,run-145540,/data03/USS/Data_analysis/animal5/ses-250128/run-145540/,/data03/USS/Data_analysis/animal5/ses-250127/run-122411/,data03,
USStimulation,USS,animal5,ses-250128,run-152058,/data03/USS/Data_analysis/animal5/ses-250128/run-152058/,/data03/USS/Data_analysis/animal5/ses-250127/run-122411/,data03,
USStimulation,USS,animal5,ses-250128,run-154033,/data03/USS/Data_analysis/animal5/ses-250128/run-154033/,/data03/USS/Data_analysis/animal5/ses-250127/run-122411/,data03,
USStimulation,USS,animal5,ses-250129,run-155806,/data03/USS/Data_analysis/animal5/ses-250129/run-155806/,/data03/USS/Data_analysis/animal5/ses-250127/run-122411/,data03,
USStimulation,USS,animal5,ses-250129,run-162039,/data03/USS/Data_analysis/animal5/ses-250129/run-162039/,/data03/USS/Data_analysis/animal5/ses-250127/run-122411/,data03,
USStimulation,USS,animal5,ses-250129,run-164045,/data03/USS/Data_analysis/animal5/ses-250129/run-164045/,/data03/USS/Data_analysis/animal5/ses-250127/run-122411/,data03,
USStimulation,USS,animal5,ses-250131,run-120417,/data03/USS/Data_analysis/animal5/ses-250131/run-120417/,/data03/USS/Data_analysis/animal5/ses-250127/run-122411/,data03,
USStimulation,USS,animal5,ses-250131,run-122648,/data03/USS/Data_analysis/animal5/ses-250131/run-122648/,/data03/USS/Data_analysis/animal5/ses-250127/run-122411/,data03,
USStimulation,USS,animal5,ses-250131,run-124742,/data03/USS/Data_analysis/animal5/ses-250131/run-124742/,/data03/USS/Data_analysis/animal5/ses-250127/run-122411/,data03,
ElectrodeTest,USS,animal1,ses-240903,run-161022,/data03/USS/Data_analysis/animal1/ses-240903/run-161022/,/data03/USS/Data_analysis/animal1/ses-240903/run-153439/,data03,
ElectrodeTest,USS,animal1,ses-240904,run-143907,/data03/USS/Data_analysis/animal1/ses-240904/run-143907/,/data03/USS/Data_analysis/animal1/ses-240903/run-153439/,data03,
ElectrodeTest,USS,animal2,ses-240903,run-182111,/data03/USS/Data_analysis/animal2/ses-240903/run-182111/,/data03/USS/Data_analysis/animal2/ses-240903/run-174638/,data03,
ElectrodeTest,USS,animal2,ses-240904,run-112838,/data03/USS/Data_analysis/animal2/ses-240904/run-112838/,/data03/USS/Data_analysis/animal2/ses-240903/run-174638/,data03,
ElectrodeTest,USS,animal1,ses-240904,run-135955,/data03/USS/Data_analysis/animal1/ses-240904/run-135955/,/data03/USS/Data_analysis/animal1/ses-240903/run-153439/,data03,
ElectrodeTest,USS,animal2,ses-240904,run-110108,/data03/USS/Data_analysis/animal2/ses-240904/run-110108/,/data03/USS/Data_analysis/animal2/ses-240903/run-174638/,data03,
